INSERT [dbo].[FOURNISSEUR] ([NUMFOU], [NOMFOU], [RUEFOU], [POSFOU], [VILFOU], [CONFOU], [SATISF]) VALUES (1701, N'Les Gros Bits', N'1 Rue du Port', N'38140', N'Rives', N'Michel', 8)
INSERT [dbo].[FOURNISSEUR] ([NUMFOU], [NOMFOU], [RUEFOU], [POSFOU], [VILFOU], [CONFOU], [SATISF]) VALUES (1702, N'Hello World', N'3 Impasse de l''Assemblée', N'75000', N'Paris', N'Jean', 10)
INSERT [dbo].[FOURNISSEUR] ([NUMFOU], [NOMFOU], [RUEFOU], [POSFOU], [VILFOU], [CONFOU], [SATISF]) VALUES (1703, N'SQL Connection', N'1 Rue du Calvaire', N'78850', N'Trouperdu les prés', N'Pierre', 5)
INSERT [dbo].[FOURNISSEUR] ([NUMFOU], [NOMFOU], [RUEFOU], [POSFOU], [VILFOU], [CONFOU], [SATISF]) VALUES (1704, N'T''es Octet t''es Bath', N'14 Avenue du Soleil', N'13000', N'Marseille', N'Philippe', 6)
INSERT [dbo].[FOURNISSEUR] ([NUMFOU], [NOMFOU], [RUEFOU], [POSFOU], [VILFOU], [CONFOU], [SATISF]) VALUES (1705, N'Random Company number 1', N'13 rue Jean Jaures', N'77500', N'St Marc les Collines', N'André', 2)
INSERT [dbo].[FOURNISSEUR] ([NUMFOU], [NOMFOU], [RUEFOU], [POSFOU], [VILFOU], [CONFOU], [SATISF]) VALUES (1706, N'Internet.com', N'8 rue Principale', N'77940', N'Schnafon', N'Simon', 7)
INSERT [dbo].[FOURNISSEUR] ([NUMFOU], [NOMFOU], [RUEFOU], [POSFOU], [VILFOU], [CONFOU], [SATISF]) VALUES (1801, N'Piecesordi.com', N'14 Impasse du Bloc', N'92100', N'Cité des Tilleuils', N'Matthieu', 3)
INSERT [dbo].[FOURNISSEUR] ([NUMFOU], [NOMFOU], [RUEFOU], [POSFOU], [VILFOU], [CONFOU], [SATISF]) VALUES (1802, N'Amazon FR', N'17 voie Michelin', N'63000', N'Clermont Ferrand', N'Jacques', 9)
INSERT [dbo].[FOURNISSEUR] ([NUMFOU], [NOMFOU], [RUEFOU], [POSFOU], [VILFOU], [CONFOU], [SATISF]) VALUES (1803, N'Papeterie du Centre', N'11 Impasse Jacques Swebach', N'57050', N'Metz', N'Thomas', 4)
GO
INSERT [dbo].[PRODUIT] ([CODART], [LIBART], [STKALE], [STKPHY], [QTEANN], [UNIMES]) VALUES (N'BAMA', N'Bandes Magnétiques', 200, 208, 200, N'Unité')
INSERT [dbo].[PRODUIT] ([CODART], [LIBART], [STKALE], [STKPHY], [QTEANN], [UNIMES]) VALUES (N'CDIS', N'CD 700 Mo', 50, 150, 300, N'Unité')
INSERT [dbo].[PRODUIT] ([CODART], [LIBART], [STKALE], [STKPHY], [QTEANN], [UNIMES]) VALUES (N'D1MO', N'Disquettes 1Mo', 5, 50, 100, N'Unité')
INSERT [dbo].[PRODUIT] ([CODART], [LIBART], [STKALE], [STKPHY], [QTEANN], [UNIMES]) VALUES (N'D5MO', N'Disquettes 5Mo', 10, 50, 100, N'Unité')
INSERT [dbo].[PRODUIT] ([CODART], [LIBART], [STKALE], [STKPHY], [QTEANN], [UNIMES]) VALUES (N'DVD1', N'DVD 4,5 Go', 30, 100, 400, N'Unité')
INSERT [dbo].[PRODUIT] ([CODART], [LIBART], [STKALE], [STKPHY], [QTEANN], [UNIMES]) VALUES (N'DVDR', N'DVD RW 4,5 Go', 50, 120, 400, N'Unité')
INSERT [dbo].[PRODUIT] ([CODART], [LIBART], [STKALE], [STKPHY], [QTEANN], [UNIMES]) VALUES (N'LIST', N'Papier Listing', 1000, 10000, 15000, N'Unité')
INSERT [dbo].[PRODUIT] ([CODART], [LIBART], [STKALE], [STKPHY], [QTEANN], [UNIMES]) VALUES (N'PREI', N'Papier Pré-imprimé', 500, 4000, 4500, N'Unité')
INSERT [dbo].[PRODUIT] ([CODART], [LIBART], [STKALE], [STKPHY], [QTEANN], [UNIMES]) VALUES (N'RIBG', N'Rubans Imprimante Bas de Gamme', 50, 80, 100, N'Unité')
INSERT [dbo].[PRODUIT] ([CODART], [LIBART], [STKALE], [STKPHY], [QTEANN], [UNIMES]) VALUES (N'RIHG', N'Rubans Imprimate Haut de Gamme', 80, 100, 100, N'Unité')
GO
INSERT [dbo].[COMMANDE] ([NUMCOM], [NUMFOU], [DATECOM], [OBSCOM]) VALUES (1, 1701, CAST(N'2018-11-02T00:00:00.000' AS DateTime), N'En attente')
INSERT [dbo].[COMMANDE] ([NUMCOM], [NUMFOU], [DATECOM], [OBSCOM]) VALUES (2, 1702, CAST(N'2017-10-05T00:00:00.000' AS DateTime), N'Le livreur était un manchot')
INSERT [dbo].[COMMANDE] ([NUMCOM], [NUMFOU], [DATECOM], [OBSCOM]) VALUES (3, 1701, CAST(N'2016-05-11T00:00:00.000' AS DateTime), N'Le livreur était un manchot')
INSERT [dbo].[COMMANDE] ([NUMCOM], [NUMFOU], [DATECOM], [OBSCOM]) VALUES (4, 1706, CAST(N'2017-06-24T00:00:00.000' AS DateTime), N'Rien à dire')
INSERT [dbo].[COMMANDE] ([NUMCOM], [NUMFOU], [DATECOM], [OBSCOM]) VALUES (5, 1803, CAST(N'2016-12-15T00:00:00.000' AS DateTime), N'Tout est ok')
INSERT [dbo].[COMMANDE] ([NUMCOM], [NUMFOU], [DATECOM], [OBSCOM]) VALUES (6, 1801, CAST(N'2018-04-10T00:00:00.000' AS DateTime), N'Bien reçu')
INSERT [dbo].[COMMANDE] ([NUMCOM], [NUMFOU], [DATECOM], [OBSCOM]) VALUES (7, 1704, CAST(N'2018-05-16T00:00:00.000' AS DateTime), N'RAS')
INSERT [dbo].[COMMANDE] ([NUMCOM], [NUMFOU], [DATECOM], [OBSCOM]) VALUES (8, 1802, CAST(N'2017-11-13T00:00:00.000' AS DateTime), N'Bien reçu')
INSERT [dbo].[COMMANDE] ([NUMCOM], [NUMFOU], [DATECOM], [OBSCOM]) VALUES (9, 1701, CAST(N'2016-01-26T00:00:00.000' AS DateTime), N'Rien à dire')
INSERT [dbo].[COMMANDE] ([NUMCOM], [NUMFOU], [DATECOM], [OBSCOM]) VALUES (10, 1705, CAST(N'2017-05-01T00:00:00.000' AS DateTime), N'Le livreur était un manchot')
INSERT [dbo].[COMMANDE] ([NUMCOM], [NUMFOU], [DATECOM], [OBSCOM]) VALUES (11, 1701, CAST(N'2016-04-05T00:00:00.000' AS DateTime), N'RAS')
INSERT [dbo].[COMMANDE] ([NUMCOM], [NUMFOU], [DATECOM], [OBSCOM]) VALUES (12, 1706, CAST(N'2017-08-09T00:00:00.000' AS DateTime), N'Le livreur était un manchot')
INSERT [dbo].[COMMANDE] ([NUMCOM], [NUMFOU], [DATECOM], [OBSCOM]) VALUES (13, 1704, CAST(N'2018-06-07T00:00:00.000' AS DateTime), N'Commande incomplète')
INSERT [dbo].[COMMANDE] ([NUMCOM], [NUMFOU], [DATECOM], [OBSCOM]) VALUES (14, 1704, CAST(N'2018-09-11T00:00:00.000' AS DateTime), N'Bien reçu')
INSERT [dbo].[COMMANDE] ([NUMCOM], [NUMFOU], [DATECOM], [OBSCOM]) VALUES (15, 1702, CAST(N'2016-03-15T00:00:00.000' AS DateTime), N'RAS')
INSERT [dbo].[COMMANDE] ([NUMCOM], [NUMFOU], [DATECOM], [OBSCOM]) VALUES (16, 1703, CAST(N'2016-04-18T00:00:00.000' AS DateTime), N'Le livreur était un manchot')
INSERT [dbo].[COMMANDE] ([NUMCOM], [NUMFOU], [DATECOM], [OBSCOM]) VALUES (17, 1802, CAST(N'2017-10-19T00:00:00.000' AS DateTime), N'Commande incomplète')
INSERT [dbo].[COMMANDE] ([NUMCOM], [NUMFOU], [DATECOM], [OBSCOM]) VALUES (18, 1801, CAST(N'2017-12-14T00:00:00.000' AS DateTime), N'Cartons en mauvais état')
INSERT [dbo].[COMMANDE] ([NUMCOM], [NUMFOU], [DATECOM], [OBSCOM]) VALUES (19, 1802, CAST(N'2017-02-14T00:00:00.000' AS DateTime), N'Tout est ok')
INSERT [dbo].[COMMANDE] ([NUMCOM], [NUMFOU], [DATECOM], [OBSCOM]) VALUES (20, 1803, CAST(N'2018-08-15T00:00:00.000' AS DateTime), N'Tout est ok')
GO
INSERT [dbo].[LIGNE] ([CODART], [NUMCOM], [NUMLIG], [QTECDE], [PRIUNI], [QTELIV], [DERLIV]) VALUES (N'BAMA', 10, 11, 7, 45.0000, 2, CAST(N'2017-07-02T00:00:00.000' AS DateTime))
INSERT [dbo].[LIGNE] ([CODART], [NUMCOM], [NUMLIG], [QTECDE], [PRIUNI], [QTELIV], [DERLIV]) VALUES (N'BAMA', 11, 13, 7, 20.0000, 7, CAST(N'2016-04-16T00:00:00.000' AS DateTime))
INSERT [dbo].[LIGNE] ([CODART], [NUMCOM], [NUMLIG], [QTECDE], [PRIUNI], [QTELIV], [DERLIV]) VALUES (N'BAMA', 16, 19, 1, 20.0000, 1, CAST(N'2016-04-25T00:00:00.000' AS DateTime))
INSERT [dbo].[LIGNE] ([CODART], [NUMCOM], [NUMLIG], [QTECDE], [PRIUNI], [QTELIV], [DERLIV]) VALUES (N'CDIS', 19, 22, 12, 15.0000, 10, CAST(N'2017-02-28T00:00:00.000' AS DateTime))
INSERT [dbo].[LIGNE] ([CODART], [NUMCOM], [NUMLIG], [QTECDE], [PRIUNI], [QTELIV], [DERLIV]) VALUES (N'D1MO', 11, 14, 7, 22.0000, 15, CAST(N'2016-04-16T00:00:00.000' AS DateTime))
INSERT [dbo].[LIGNE] ([CODART], [NUMCOM], [NUMLIG], [QTECDE], [PRIUNI], [QTELIV], [DERLIV]) VALUES (N'D1MO', 17, 20, 27, 6.0000, 27, CAST(N'2017-10-23T00:00:00.000' AS DateTime))
INSERT [dbo].[LIGNE] ([CODART], [NUMCOM], [NUMLIG], [QTECDE], [PRIUNI], [QTELIV], [DERLIV]) VALUES (N'D5MO', 2, 2, 8, 5000.0000, 7, CAST(N'2017-10-07T00:00:00.000' AS DateTime))
INSERT [dbo].[LIGNE] ([CODART], [NUMCOM], [NUMLIG], [QTECDE], [PRIUNI], [QTELIV], [DERLIV]) VALUES (N'D5MO', 18, 21, 26, 16.0000, 23, CAST(N'2017-12-25T00:00:00.000' AS DateTime))
INSERT [dbo].[LIGNE] ([CODART], [NUMCOM], [NUMLIG], [QTECDE], [PRIUNI], [QTELIV], [DERLIV]) VALUES (N'DVDR', 9, 9, 6, 17.0000, 5, CAST(N'2016-01-30T00:00:00.000' AS DateTime))
INSERT [dbo].[LIGNE] ([CODART], [NUMCOM], [NUMLIG], [QTECDE], [PRIUNI], [QTELIV], [DERLIV]) VALUES (N'DVDR', 10, 12, 40, 30.0000, 2, CAST(N'2018-05-10T00:00:00.000' AS DateTime))
INSERT [dbo].[LIGNE] ([CODART], [NUMCOM], [NUMLIG], [QTECDE], [PRIUNI], [QTELIV], [DERLIV]) VALUES (N'DVDR', 20, 23, 1, 17.0000, 1, CAST(N'2018-08-18T00:00:00.000' AS DateTime))
INSERT [dbo].[LIGNE] ([CODART], [NUMCOM], [NUMLIG], [QTECDE], [PRIUNI], [QTELIV], [DERLIV]) VALUES (N'LIST', 1, 1, 4, 5.0000, 4, CAST(N'2018-11-15T00:00:00.000' AS DateTime))
INSERT [dbo].[LIGNE] ([CODART], [NUMCOM], [NUMLIG], [QTECDE], [PRIUNI], [QTELIV], [DERLIV]) VALUES (N'LIST', 3, 3, 1, 5.0000, 0, CAST(N'2016-05-12T00:00:00.000' AS DateTime))
INSERT [dbo].[LIGNE] ([CODART], [NUMCOM], [NUMLIG], [QTECDE], [PRIUNI], [QTELIV], [DERLIV]) VALUES (N'LIST', 7, 7, 1, 5.0000, 1, CAST(N'2018-05-18T00:00:00.000' AS DateTime))
INSERT [dbo].[LIGNE] ([CODART], [NUMCOM], [NUMLIG], [QTECDE], [PRIUNI], [QTELIV], [DERLIV]) VALUES (N'LIST', 12, 15, 15, 5.0000, 3, CAST(N'2017-10-19T00:00:00.000' AS DateTime))
INSERT [dbo].[LIGNE] ([CODART], [NUMCOM], [NUMLIG], [QTECDE], [PRIUNI], [QTELIV], [DERLIV]) VALUES (N'PREI', 4, 4, 13, 10.0000, 13, CAST(N'2017-07-24T00:00:00.000' AS DateTime))
INSERT [dbo].[LIGNE] ([CODART], [NUMCOM], [NUMLIG], [QTECDE], [PRIUNI], [QTELIV], [DERLIV]) VALUES (N'PREI', 8, 8, 7, 10.0000, 7, CAST(N'2017-12-01T00:00:00.000' AS DateTime))
INSERT [dbo].[LIGNE] ([CODART], [NUMCOM], [NUMLIG], [QTECDE], [PRIUNI], [QTELIV], [DERLIV]) VALUES (N'PREI', 13, 16, 10, 10.0000, 10, CAST(N'2018-06-21T00:00:00.000' AS DateTime))
INSERT [dbo].[LIGNE] ([CODART], [NUMCOM], [NUMLIG], [QTECDE], [PRIUNI], [QTELIV], [DERLIV]) VALUES (N'RIBG', 5, 5, 2, 1.0000, 2, CAST(N'2017-01-03T00:00:00.000' AS DateTime))
INSERT [dbo].[LIGNE] ([CODART], [NUMCOM], [NUMLIG], [QTECDE], [PRIUNI], [QTELIV], [DERLIV]) VALUES (N'RIBG', 14, 17, 2, 1.0000, 2, CAST(N'2018-09-25T00:00:00.000' AS DateTime))
INSERT [dbo].[LIGNE] ([CODART], [NUMCOM], [NUMLIG], [QTECDE], [PRIUNI], [QTELIV], [DERLIV]) VALUES (N'RIHG', 6, 6, 2210, 3.0000, 22, CAST(N'2018-05-10T00:00:00.000' AS DateTime))
INSERT [dbo].[LIGNE] ([CODART], [NUMCOM], [NUMLIG], [QTECDE], [PRIUNI], [QTELIV], [DERLIV]) VALUES (N'RIHG', 10, 10, 4, 3.0000, 2, CAST(N'2017-07-02T00:00:00.000' AS DateTime))
INSERT [dbo].[LIGNE] ([CODART], [NUMCOM], [NUMLIG], [QTECDE], [PRIUNI], [QTELIV], [DERLIV]) VALUES (N'RIHG', 15, 18, 3, 3.0000, 3, CAST(N'2016-03-16T00:00:00.000' AS DateTime))
GO
INSERT [dbo].[VENDRE] ([CODART], [NUMFOU], [QTE1], [QTE2], [QTE3], [PRIX1], [PRIX2], [PRIX3], [DELLIV]) VALUES (N'BAMA', 1705, 100, 200, 1000, 150.0000, 290.0000, 1400.0000, 4)
INSERT [dbo].[VENDRE] ([CODART], [NUMFOU], [QTE1], [QTE2], [QTE3], [PRIX1], [PRIX2], [PRIX3], [DELLIV]) VALUES (N'CDIS', 1702, 10, 100, 500, 180.0000, 1800.0000, 9000.0000, 7)
INSERT [dbo].[VENDRE] ([CODART], [NUMFOU], [QTE1], [QTE2], [QTE3], [PRIX1], [PRIX2], [PRIX3], [DELLIV]) VALUES (N'CDIS', 1802, 100, 1000, 10000, 1500.0000, 14000.0000, 130000.0000, 5)
INSERT [dbo].[VENDRE] ([CODART], [NUMFOU], [QTE1], [QTE2], [QTE3], [PRIX1], [PRIX2], [PRIX3], [DELLIV]) VALUES (N'CDIS', 1803, 1, 10, 100, 20.0000, 190.0000, 1800.0000, 8)
INSERT [dbo].[VENDRE] ([CODART], [NUMFOU], [QTE1], [QTE2], [QTE3], [PRIX1], [PRIX2], [PRIX3], [DELLIV]) VALUES (N'D1MO', 1802, 100, 1000, 100000, 300.0000, 2900.0000, 28000.0000, 5)
INSERT [dbo].[VENDRE] ([CODART], [NUMFOU], [QTE1], [QTE2], [QTE3], [PRIX1], [PRIX2], [PRIX3], [DELLIV]) VALUES (N'D1MO', 1803, 1, 10, 100, 5.0000, 45.0000, 400.0000, 8)
INSERT [dbo].[VENDRE] ([CODART], [NUMFOU], [QTE1], [QTE2], [QTE3], [PRIX1], [PRIX2], [PRIX3], [DELLIV]) VALUES (N'D5MO', 1704, 1, 10, 100, 15.0000, 140.0000, 1300.0000, 8)
INSERT [dbo].[VENDRE] ([CODART], [NUMFOU], [QTE1], [QTE2], [QTE3], [PRIX1], [PRIX2], [PRIX3], [DELLIV]) VALUES (N'D5MO', 1802, 100, 1000, 10000, 1000.0000, 9000.0000, 80000.0000, 5)
INSERT [dbo].[VENDRE] ([CODART], [NUMFOU], [QTE1], [QTE2], [QTE3], [PRIX1], [PRIX2], [PRIX3], [DELLIV]) VALUES (N'DVD1', 1702, 10, 100, 500, 250.0000, 2500.0000, 12500.0000, 7)
INSERT [dbo].[VENDRE] ([CODART], [NUMFOU], [QTE1], [QTE2], [QTE3], [PRIX1], [PRIX2], [PRIX3], [DELLIV]) VALUES (N'DVD1', 1803, 1, 10, 100, 27.0000, 260.0000, 2500.0000, 8)
INSERT [dbo].[VENDRE] ([CODART], [NUMFOU], [QTE1], [QTE2], [QTE3], [PRIX1], [PRIX2], [PRIX3], [DELLIV]) VALUES (N'DVDR', 1702, 10, 100, 500, 300.0000, 3000.0000, 15000.0000, 7)
INSERT [dbo].[VENDRE] ([CODART], [NUMFOU], [QTE1], [QTE2], [QTE3], [PRIX1], [PRIX2], [PRIX3], [DELLIV]) VALUES (N'DVDR', 1803, 1, 10, 100, 33.0000, 320.0000, 3100.0000, 8)
INSERT [dbo].[VENDRE] ([CODART], [NUMFOU], [QTE1], [QTE2], [QTE3], [PRIX1], [PRIX2], [PRIX3], [DELLIV]) VALUES (N'LIST', 1703, 100, 1000, 5000, 12.0000, 110.0000, 500.0000, 6)
INSERT [dbo].[VENDRE] ([CODART], [NUMFOU], [QTE1], [QTE2], [QTE3], [PRIX1], [PRIX2], [PRIX3], [DELLIV]) VALUES (N'LIST', 1803, 1000, 5000, 10000, 100.0000, 450.0000, 800.0000, 7)
INSERT [dbo].[VENDRE] ([CODART], [NUMFOU], [QTE1], [QTE2], [QTE3], [PRIX1], [PRIX2], [PRIX3], [DELLIV]) VALUES (N'PREI', 1705, 1000, 5000, 10000, 155.0000, 750.0000, 1450.0000, 6)
INSERT [dbo].[VENDRE] ([CODART], [NUMFOU], [QTE1], [QTE2], [QTE3], [PRIX1], [PRIX2], [PRIX3], [DELLIV]) VALUES (N'PREI', 1706, 1000, 10000, 50000, 150.0000, 1450.0000, 6500.0000, 5)
INSERT [dbo].[VENDRE] ([CODART], [NUMFOU], [QTE1], [QTE2], [QTE3], [PRIX1], [PRIX2], [PRIX3], [DELLIV]) VALUES (N'PREI', 1802, 10000, 100000, 100000, 1400.0000, 13000.0000, 120000.0000, 7)
INSERT [dbo].[VENDRE] ([CODART], [NUMFOU], [QTE1], [QTE2], [QTE3], [PRIX1], [PRIX2], [PRIX3], [DELLIV]) VALUES (N'RIBG', 1701, 10, 100, 500, 170.0000, 1690.0000, 8400.0000, 5)
INSERT [dbo].[VENDRE] ([CODART], [NUMFOU], [QTE1], [QTE2], [QTE3], [PRIX1], [PRIX2], [PRIX3], [DELLIV]) VALUES (N'RIBG', 1703, 1, 10, 100, 20.0000, 180.0000, 1600.0000, 7)
INSERT [dbo].[VENDRE] ([CODART], [NUMFOU], [QTE1], [QTE2], [QTE3], [PRIX1], [PRIX2], [PRIX3], [DELLIV]) VALUES (N'RIBG', 1801, 10, 100, 500, 172.0000, 1680.0000, 8400.0000, 4)
INSERT [dbo].[VENDRE] ([CODART], [NUMFOU], [QTE1], [QTE2], [QTE3], [PRIX1], [PRIX2], [PRIX3], [DELLIV]) VALUES (N'RIHG', 1701, 100, 1000, 10000, 1800.0000, 17000.0000, 160000.0000, 6)
INSERT [dbo].[VENDRE] ([CODART], [NUMFOU], [QTE1], [QTE2], [QTE3], [PRIX1], [PRIX2], [PRIX3], [DELLIV]) VALUES (N'RIHG', 1801, 100, 1000, 5000, 1750.0000, 17000.0000, 84000.0000, 5)
GO
